日期,开盘,收盘,最高,最低,成交量
2023-01-03,1567.9841952,1566.90638721,1574.53255803,1545.16908321,2603380
2023-01-04,1566.89733,1562.37778221,1574.7771027,1554.217236,2041575
2023-01-05,1573.237377,1631.203521,1631.203521,1569.614493,4794285
2023-01-06,1635.84081252,1633.71236817,1641.0758799,1618.523427,2490375
2023-01-09,1661.998035,1667.6135052,1675.56573558,1637.38053822,3097723
2023-01-10,1665.67526226,1679.61430845,1688.7168045,1657.9222905,2273173
2023-01-11,1681.018176,1671.00995895,1684.64106,1663.66456164,2272031
2023-01-12,1673.772408,1661.092314,1681.018176,1660.186593,1719317
2023-01-13,1670.31255378,1709.095527,1710.001248,1666.52664,3193965
2023-01-16,1708.189806,1732.5537009,1752.570135,1703.661201,3684826
2023-01-17,1732.78918836,1728.115668,1741.701483,1716.341295,2129923
2023-01-18,1733.549994,1714.529853,1743.7846413,1711.81269,2106293
2023-01-19,1714.0769925,1702.94568141,1714.09510692,1690.075386,2343889
2023-01-20,1711.07905599,1684.65011721,1719.28488825,1682.829618,2560875
2023-01-30,1729.021389,1710.001248,1729.021389,1702.75548,3592255
2023-01-31,1717.6998765,1671.74359296,1720.82461395,1660.24999347,3299068
2023-02-01,1680.09434058,1671.02807337,1683.735339,1640.6230194,3397389
2023-02-02,1674.11658198,1663.00338531,1683.735339,1653.846546,2975886
2023-02-03,1648.41222,1646.600778,1653.846546,1626.38508528,3494490
2023-02-06,1612.18338,1625.769195,1625.769195,1594.06896,4266095
2023-02-07,1637.61602568,1627.580637,1638.2681448,1619.18460333,2432171
2023-02-08,1630.30685721,1615.806264,1635.70495437,1607.654775,1667577
2023-02-09,1610.371938,1646.600778,1657.24299975,1607.66383221,2975366
2023-02-10,1639.4455821,1639.35501,1647.04458129,1631.24880705,1798451
2023-02-13,1639.35501,1681.33517835,1697.7740145,1639.35501,3814670
2023-02-14,1681.43480766,1669.95932259,1682.2861854,1661.998035,1956576
2023-02-15,1669.95026538,1667.432361,1680.3841713,1662.73166901,1817691
2023-02-16,1667.74030614,1686.28947222,1709.095527,1655.657988,3324595
2023-02-17,1675.72876536,1649.11868238,1696.415433,1648.45750605,2644283
2023-02-20,1649.317941,1698.226875,1701.6686148,1645.8762012,2966869
2023-02-21,1697.321154,1690.981107,1697.321154,1676.489571,1875052
2023-02-22,1680.12151221,1662.903756,1688.1733719,1659.0997278,2186916
2023-02-23,1666.52664,1646.600778,1674.4969848,1635.05283525,2188097
2023-02-24,1639.45463931,1619.429148,1639.52709699,1614.15785178,2463461
2023-02-27,1610.8247985,1639.72635561,1643.883615,1607.67288942,2206489
2023-02-28,1647.506499,1642.74240654,1650.23271921,1615.1722593,2395181
2023-03-01,1642.072173,1665.19523013,1673.772408,1633.22327883,2445810
2023-03-02,1656.563709,1655.657988,1665.61186179,1649.4085131,1314419
2023-03-03,1666.31832417,1646.63700684,1667.98485081,1632.54398808,1619806
2023-03-06,1646.76380778,1636.76464794,1647.0536385,1627.37232117,2064586
2023-03-07,1635.71401158,1619.7008643,1645.3327686,1619.429148,2278539
2023-03-08,1612.20149442,1603.50657282,1617.56336274,1595.08336752,2276370
2023-03-09,1601.314728,1603.14428442,1616.711985,1575.95454,2761150
2023-03-10,1586.43373197,1585.01175,1613.089101,1585.01175,2116082
2023-03-13,1585.917471,1595.880402,1607.654775,1584.106029,2056043
2023-03-14,1597.49258538,1599.503286,1612.07469348,1574.5959585,2370492
2023-03-15,1610.70705477,1585.84501332,1616.60329848,1585.12043652,1921253
2023-03-16,1575.95454,1586.81413479,1603.12617,1575.05787621,1764624
2023-03-17,1603.12617,1577.765982,1608.46086669,1572.331656,2702291
2023-03-20,1585.917471,1566.5350416,1589.540355,1565.085888,2049093
2023-03-21,1571.425935,1607.654775,1617.48184785,1561.43583237,3114182
2023-03-22,1612.18338,1606.16033535,1623.957753,1599.09571155,1533026
2023-03-23,1599.503286,1607.52797406,1622.24594031,1598.60662221,1735566
2023-03-24,1602.29290668,1610.93348502,1615.4439756,1599.503286,1276996
2023-03-27,1610.9153706,1601.12452659,1610.9153706,1590.446076,1529555
2023-03-28,1603.12617,1613.8136778,1621.24059,1598.61567942,1726135
2023-03-29,1629.392079,1621.24059,1630.2978,1616.77538547,1539299
2023-03-30,1623.957753,1630.2978,1634.826405,1611.277659,1925701
2023-03-31,1652.940825,1648.41222,1673.772408,1647.506499,2744633
2023-04-03,1652.940825,1632.17264247,1655.44967217,1630.37025768,2141743
2023-04-04,1641.166452,1643.51226939,1644.03758757,1618.523427,2006626
2023-04-06,1634.826405,1627.54440816,1644.6987639,1619.62840662,1487422
2023-04-07,1625.769195,1622.13725379,1635.74118321,1619.73709314,1352468
2023-04-10,1622.03762448,1604.6658957,1622.03762448,1579.577424,2941822
2023-04-11,1623.957753,1580.9360055,1623.957753,1579.577424,2920919
2023-04-12,1582.53007446,1534.3819461,1585.01175,1533.22262322,5110492
2023-04-13,1530.66849,1560.557283,1561.09165839,1525.24322121,2954268
2023-04-14,1563.274446,1551.88047582,1569.614493,1544.0731608,2123162
2023-04-17,1575.95454,1587.728913,1587.728913,1565.085888,3046723
2023-04-18,1587.728913,1592.257518,1602.220449,1581.40698042,1831389
2023-04-19,1595.880402,1593.163239,1599.0504255,1585.01175,1460056
2023-04-20,1594.16858931,1577.65729548,1598.597565,1565.991609,1988537
2023-04-21,1581.388866,1562.79441387,1583.27276568,1558.99944288,1851787
2023-04-24,1558.745841,1544.254305,1559.651562,1540.631421,2023091
2023-04-25,1545.160026,1567.24150398,1572.31354158,1541.537142,2058251
2023-04-26,1579.577424,1579.49590911,1594.974681,1557.84012,2789160
2023-04-27,1583.200308,1592.18506032,1603.12617,1566.89733,2560504
2023-04-28,1596.79518021,1594.53993492,1614.69222717,1588.60746237,2622464
2023-05-04,1602.220449,1584.9211779,1610.07305007,1572.331656,2746642
2023-05-05,1599.503286,1585.01175,1599.503286,1572.68488719,2071421
2023-05-08,1601.60455872,1558.31109492,1602.220449,1555.27692957,3317126
2023-05-09,1553.311515,1559.651562,1575.93642558,1546.12914747,2937796
2023-05-10,1553.48360199,1562.368725,1572.331656,1553.311515,2077260
2023-05-11,1567.803051,1555.18635747,1571.425935,1553.311515,1524612
2023-05-12,1553.311515,1545.5223144,1566.78864348,1544.26336221,1946045
2023-05-15,1541.537142,1554.4889523,1555.122957,1531.7553552,2574018
2023-05-16,1552.39673679,1542.70552209,1557.83106279,1537.008537,2222377
2023-05-17,1546.971468,1540.631421,1551.500073,1538.82903621,1677691
2023-05-18,1544.24524779,1531.574211,1544.6165934,1530.66849,1921928
2023-05-19,1513.459791,1539.2728395,1543.64747193,1499.46640155,2674116
2023-05-22,1530.67754721,1581.388866,1586.823192,1530.66849,4128432
2023-05-23,1588.62557679,1561.96115055,1588.634634,1561.96115055,1689421
2023-05-24,1569.00765993,1549.5980589,1570.11263955,1548.88253931,1847927
2023-05-25,1545.15096879,1540.631421,1548.78291,1530.66849,2246560
2023-05-26,1541.537142,1531.17569376,1544.254305,1517.09173221,1829110
2023-05-29,1537.008537,1529.762769,1538.23126035,1519.799838,1777141
2023-05-30,1529.762769,1511.00528709,1538.72034969,1502.19262176,2645340
2023-05-31,1504.41163821,1475.3289369,1508.67758412,1473.30917907,3695697
2023-06-01,1465.456578,1481.68709832,1517.07361779,1465.456578,2864525
2023-06-02,1489.911045,1513.0975026,1515.40709115,1481.85918531,2505802
2023-06-05,1509.07610136,1508.025465,1524.21975648,1506.214023,1620050
2023-06-06,1512.55407,1509.82784979,1525.234164,1495.84351755,1991392
2023-06-07,1515.26217579,1495.2547989,1520.5244148,1494.43965,1788964
2023-06-08,1499.72000343,1510.742628,1517.082675,1494.44870721,1470272
2023-06-09,1514.35645479,1508.931186,1519.77266637,1508.931186,1758041
2023-06-12,1508.94930042,1536.102816,1546.971468,1504.87355592,2702944
2023-06-13,1534.18268748,1538.819979,1543.90107381,1526.139885,1466254
2023-06-14,1556.934399,1564.07148048,1570.73758704,1545.35022741,3150580
2023-06-15,1567.20527514,1589.540355,1590.12907365,1560.557283,2522257
2023-06-16,1591.351797,1628.20558449,1630.2978,1585.1023221,3791789
2023-06-19,1621.24059,1579.577424,1628.44107195,1574.143098,3169992
2023-06-20,1575.95454,1579.08833466,1598.597565,1571.425935,2094674
2023-06-21,1575.95454,1572.17768343,1590.9895086,1571.425935,1772061
2023-06-26,1557.93974931,1547.877189,1566.89733,1535.197095,2399268
2023-06-27,1548.77385279,1549.73391705,1557.5684037,1539.80721489,1517446
2023-06-28,1551.66310278,1565.43006198,1570.520214,1549.688631,1857356
2023-06-29,1567.803051,1552.14313491,1571.41687779,1551.50913021,1423116
2023-06-30,1563.3625,1555.085875,1571.62992875,1550.92917,2045869
2023-07-03,1562.442875,1585.5254625,1586.61062,1556.0055,1913909
2023-07-04,1585.617425,1591.503025,1595.034385,1579.98932,1247238
2023-07-05,1590.95125,1577.5063325,1592.76291125,1563.3625,1474539
2023-07-06,1571.786265,1566.1029825,1593.710125,1563.3625,1514062
2023-07-07,1564.282125,1554.19383875,1571.62992875,1554.16625,1516742
2023-07-10,1567.960625,1564.1901625,1577.12009,1563.3625,1347741
2023-07-11,1572.55875,1572.55875,1577.31321125,1565.2937125,1258270
2023-07-12,1575.35441,1576.053325,1584.513875,1573.78185125,1328467
2023-07-13,1583.58505375,1598.6761,1605.12267125,1580.84457125,2580654
2023-07-14,1614.8615,1612.102625,1617.1605625,1601.25105,1855030
2023-07-17,1610.263375,1590.92366125,1610.263375,1587.824525,1433648
2023-07-18,1594.2435075,1584.32995,1595.09875875,1582.674625,1473765
2023-07-19,1577.16607125,1584.513875,1589.112,1576.053325,1248322
2023-07-20,1589.10280375,1585.4335,1608.4057325,1583.59425,1669265
2023-07-21,1592.680145,1628.9317625,1630.0353125,1587.27275,3937740
2023-07-24,1609.821955,1628.79381875,1628.79381875,1609.821955,1971337
2023-07-25,1655.325,1681.58029375,1681.88377,1655.31580375,4308646
2023-07-26,1681.58029375,1681.58029375,1688.42230375,1669.192945,1961145
2023-07-27,1688.4315,1690.29833875,1705.71125375,1681.7182375,2034043
2023-07-28,1684.753,1744.528625,1747.2875,1681.08369625,3901792
2023-07-31,1754.6445,1729.4283825,1779.474375,1723.37725,4537861
2023-08-01,1727.06494625,1737.171625,1753.67889375,1726.95459125,1923062
2023-08-02,1732.021725,1728.895,1738.09125,1716.75595,1850872
2023-08-03,1719.69875,1727.48797375,1738.09125,1701.7660625,2154347
2023-08-04,1736.0864675,1741.28234875,1753.283455,1730.73425,2457364
2023-08-07,1729.76864375,1736.18762625,1745.44825,1720.64596375,2389245
2023-08-08,1728.92258875,1738.09125,1741.50305875,1714.25457,1773618
2023-08-09,1738.09125,1738.348745,1751.885625,1731.61709,1852346
2023-08-10,1730.73425,1724.296875,1737.171625,1712.6176375,1843619
2023-08-11,1733.493125,1686.59225,1733.860975,1686.481895,2678649
2023-08-14,1664.52125,1658.083875,1678.2972325,1651.6465,2373119
2023-08-15,1663.601625,1667.2617325,1671.87825,1656.25382125,1481799
2023-08-16,1662.2957575,1673.7175,1676.79824375,1660.84275,1318431
2023-08-17,1660.91632,1681.12048125,1686.59225,1656.75041875,1729037
2023-08-18,1684.74380375,1657.70682875,1687.50267875,1657.70682875,1702334
2023-08-21,1648.887625,1647.048375,1668.19055375,1646.19312375,1891181
2023-08-22,1656.23542875,1644.2895,1657.67924,1628.6742675,2665036
2023-08-23,1652.566125,1631.41475,1655.325,1627.80982,1991222
2023-08-24,1636.5830425,1670.3148875,1681.0745,1632.334375,2605509
2023-08-25,1663.40850375,1678.2972325,1690.05923625,1660.85194625,1883086
2023-08-28,1745.9816325,1687.48428625,1745.9816325,1684.642645,4105213
2023-08-29,1681.0745,1702.52935125,1718.852695,1681.0745,2895028
2023-08-30,1717.7675375,1706.824,1717.8595,1695.4758275,1981181
2023-08-31,1710.5025,1698.547375,1710.5025,1693.03882125,1482022
2023-09-01,1703.90878875,1702.27185625,1715.53284875,1697.65533875,1314519
2023-09-04,1712.893525,1716.02025,1728.8398225,1704.55252625,2387100
2023-09-05,1717.8595,1709.3069875,1717.8595,1707.5597,1565874
2023-09-06,1708.66325,1711.422125,1716.6272025,1700.39582125,1112143
2023-09-07,1703.697275,1690.27075,1707.64246625,1684.00810375,1698157
2023-09-08,1687.4566975,1672.3380625,1687.4566975,1669.07339375,1221178
2023-09-11,1662.682,1675.71308625,1692.11,1662.682,1592600
2023-09-12,1679.787025,1673.680715,1680.1364825,1670.0573925,1216801
2023-09-13,1682.84018,1673.63473375,1682.84018,1655.37098125,1950143
2023-09-14,1676.04415125,1672.51279125,1680.1364825,1660.84275,1750459
2023-09-15,1672.797875,1638.76255375,1673.5151825,1638.1280125,2843146
2023-09-18,1633.53908375,1682.17805,1682.4539375,1630.495125,3255892
2023-09-19,1675.740675,1680.0996975,1681.994125,1662.682,1498950
2023-09-20,1675.55675,1677.396,1682.91375,1671.92423125,1250178
2023-09-21,1671.88744625,1653.84440375,1675.55675,1653.84440375,1948919
2023-09-22,1660.50248875,1700.386625,1701.269465,1648.34504625,3439046
2023-09-25,1699.0071875,1685.1024575,1699.467,1679.77782875,1397913
2023-09-26,1681.0745,1670.039,1687.40152,1667.3720875,1576196
2023-09-27,1669.119375,1668.19975,1686.1324375,1657.89995,2087994
2023-09-28,1678.2972325,1653.99154375,1678.2972325,1653.301825,2053784
2023-10-09,1652.5109475,1634.173625,1652.5109475,1623.0461625,2976268
2023-10-10,1639.59021625,1627.73625,1654.3869825,1625.897,2028392
2023-10-11,1641.20875625,1635.5530625,1641.20875625,1625.897,2194486
2023-10-12,1653.3937875,1642.45025,1653.69726375,1634.35755,1486507
2023-10-13,1628.54552,1610.263375,1635.10244625,1598.48297875,2502788
2023-10-16,1610.2449825,1590.8592875,1614.8615,1584.00808125,2078965
2023-10-17,1599.227875,1587.27275,1599.63251,1578.0765,1494523
2023-10-18,1580.65145,1589.112,1601.98675,1579.1616575,2031750
2023-10-19,1563.3625,1498.98875,1563.39008875,1495.33783875,7349237
2023-10-20,1498.98875,1512.783125,1521.979375,1486.34390625,4537601
2023-10-23,1498.96116125,1511.8451075,1526.5775,1491.2639,2523423
2023-10-24,1515.542,1510.89789375,1520.47119,1490.90524625,2986146
2023-10-25,1535.87490875,1542.6709375,1561.52325,1533.0332675,3617898
2023-10-26,1533.014875,1537.82451375,1552.327,1528.42594625,2238635
2023-10-27,1530.256,1541.94443375,1555.895145,1527.129275,3426239
2023-10-30,1534.854125,1545.889625,1553.13627,1534.854125,2408642
2023-10-31,1544.97,1549.1818825,1554.16625,1533.79655625,1985877
2023-11-01,1701.30625,1637.84292875,1701.30625,1631.22162875,9314308
2023-11-02,1650.726875,1636.4726875,1650.726875,1633.3091775,2790764
2023-11-03,1636.9325,1665.661585,1669.01821625,1631.41475,3017600
2023-11-06,1673.7175,1666.3605,1677.20287875,1656.35498,2552392
2023-11-07,1659.923125,1647.20471125,1664.52125,1640.68457,1958159
2023-11-08,1640.65698125,1653.7984225,1658.819575,1639.57182375,1454567
2023-11-09,1646.22990875,1649.90840875,1654.405375,1639.691375,1280048
2023-11-10,1637.43829375,1633.10686,1644.2895,1630.5870875,1646557
2023-11-13,1629.832995,1622.2185,1641.42027,1615.7627325,1836995
2023-11-14,1622.2185,1623.38642375,1632.32517875,1618.54919625,1281675
2023-11-15,1636.012875,1630.43075125,1639.59021625,1624.977375,1843486
2023-11-16,1631.41475,1618.58598125,1633.254,1618.58598125,1255757
2023-11-17,1611.183,1612.4888675,1617.620375,1598.2162875,2171363
2023-11-20,1613.941875,1620.8390625,1627.2764375,1597.0759525,1860804
2023-11-21,1640.0776175,1646.12875,1653.48575,1627.8282125,3009845
2023-11-22,1639.9672625,1638.32113375,1650.12911875,1637.4290975,1266457
2023-11-23,1635.3691375,1642.45025,1644.2895,1628.655875,1154964
2023-11-24,1645.209125,1634.173625,1645.209125,1632.334375,1308540
2023-11-27,1630.7710125,1621.298875,1630.7710125,1613.941875,1626074
2023-11-28,1619.459625,1626.85341,1631.304395,1616.70075,1451976
2023-11-29,1625.897,1632.06768375,1633.254,1616.70075,1714933
2023-11-30,1633.91613,1647.5081875,1650.506165,1628.729445,2135342
2023-12-01,1645.49420875,1618.797495,1645.8528625,1607.5045,3305131
2023-12-04,1618.797495,1609.99668375,1620.22291375,1605.00312,1844047
2023-12-05,1608.2218075,1571.639125,1608.31377,1570.7378925,2990301
2023-12-06,1565.78111375,1566.121375,1581.26759875,1564.40167625,2385129
2023-12-07,1567.041,1563.3625,1571.712695,1551.6832625,2504150
2023-12-08,1563.3625,1567.887055,1571.491985,1556.2078175,2628801
2023-12-11,1554.16625,1561.52325,1567.041,1523.818625,3683098
2023-12-12,1551.95915,1572.54955375,1572.54955375,1548.6485,2101066
2023-12-13,1568.1629425,1526.5775,1568.622755,1523.892195,3878870
2023-12-14,1532.058465,1504.4145375,1535.65419875,1503.6052675,4067215
2023-12-15,1515.75351375,1512.783125,1542.91923625,1511.87269625,3709251
2023-12-18,1508.185,1528.41675,1529.63985125,1503.586875,1989734
2023-12-19,1531.175625,1540.371875,1544.85044875,1512.86589125,2220676
2023-12-20,1542.334604,1534.69735002,1544.19508,1528.381034,2309203
2023-12-21,1525.59962238,1553.49746,1555.65561216,1525.59962238,2901168
2023-12-22,1553.2183886,1554.1021147,1561.9626258,1542.34390638,2166684
2023-12-25,1554.427698,1555.357936,1561.4975068,1551.636984,1247106
2023-12-26,1555.823055,1553.49746,1558.0556262,1541.869485,1477126
2023-12-27,1551.636984,1550.76256028,1560.1486617,1545.125318,1605550
2023-12-28,1554.41839562,1604.65124762,1607.44196162,1550.76256028,3833806
2023-12-29,1600.00936,1605.590788,1627.52580004,1600.00936,2753868
2024-01-02,1595.35817,1567.46033238,1598.32562922,1561.0323878,3215644
2024-01-03,1563.83240418,1575.823172,1576.95806236,1559.38586654,2022929
2024-01-04,1574.892934,1552.567222,1574.892934,1546.92067734,2155107
2024-01-05,1545.43229654,1547.32067968,1561.55332108,1536.85550218,2024286
2024-01-08,1545.125318,1529.30196962,1546.055556,1525.59962238,2558620
2024-01-09,1526.52986038,1526.520558,1537.05085216,1521.00424666,2441204
2024-01-10,1526.6135818,1526.985677,1543.69275148,1523.729844,1735067
2024-01-11,1525.6833438,1531.70198366,1542.27878972,1523.78565828,1644055
2024-01-12,1525.56241286,1528.43684828,1536.06479988,1525.0321772,1160324
2024-01-15,1520.93913,1525.59032,1539.51598286,1520.4274991,1785403
2024-01-16,1524.194963,1525.06008434,1532.101986,1511.58093572,2590314
2024-01-17,1516.28794,1466.985326,1521.38564424,1466.985326,5163276
2024-01-18,1464.194612,1498.49248706,1500.2878464,1447.0317209,6043981
2024-01-19,1496.63201106,1520.93913,1523.73914638,1489.19940944,4637843
2024-01-22,1515.357702,1527.450796,1528.381034,1505.94369344,4694589
2024-01-23,1518.15771838,1506.055322,1525.5438081,1496.752942,3483490
2024-01-24,1515.357702,1512.566988,1519.86005392,1491.69244728,3321635
2024-01-25,1513.32978316,1523.729844,1526.520558,1508.846036,3120580
2024-01-26,1516.62282568,1523.09728216,1529.4042958,1509.776274,2695475
2024-01-29,1525.8693914,1534.8927,1544.73461804,1525.86008902,3142068
2024-01-30,1534.87409524,1500.473894,1534.87409524,1497.68318,3086633
2024-01-31,1500.473894,1492.94826858,1506.95765286,1486.64125494,2964912
2024-02-01,1493.497109,1497.71108714,1510.60418582,1489.311038,2648515
2024-02-02,1502.33437,1484.659848,1514.22281164,1470.706278,3938202
2024-02-05,1484.659848,1516.29724238,1523.20891072,1483.9621695,5313036
2024-02-06,1516.29724238,1559.078888,1567.89754424,1512.6600118,5247204
2024-02-07,1563.75798514,1591.62791562,1594.97677242,1545.69276318,5260107
2024-02-08,1600.01866238,1586.986028,1604.66055,1567.45103,4675654
2024-02-19,1616.63271306,1577.15341234,1616.68852734,1570.241744,3697744
2024-02-20,1578.94877168,1553.49746,1578.94877168,1540.99506128,3447007
2024-02-21,1549.79511276,1597.83260308,1610.241978,1546.055556,4615407
2024-02-22,1588.381385,1598.50237444,1602.80937638,1581.89762614,2279361
2024-02-23,1591.73954418,1594.51165342,1604.08380244,1581.42320476,2730589
2024-02-26,1588.846504,1576.73480524,1589.53488012,1567.46963476,2731832
2024-02-27,1565.590554,1571.637101,1574.81851496,1560.939364,2207985
2024-02-28,1571.09756296,1564.2417089,1578.21388366,1557.22771438,3186731
2024-02-29,1564.2417089,1576.75341,1578.148767,1562.0556496,2475833
2024-03-01,1572.10222,1567.50684428,1576.72550286,1559.71144984,2686796
2024-03-04,1561.869602,1559.3579594,1563.72077562,1553.5439719,2648477
2024-03-05,1554.25095278,1576.8464338,1578.613886,1550.40906984,3623837
2024-03-06,1573.032458,1563.3114709,1576.75341,1560.95796876,2214248
2024-03-07,1562.79984,1566.17660394,1571.9161724,1560.939364,2159912
2024-03-08,1563.32077328,1554.82770034,1569.01382984,1553.5439719,2215623
2024-03-11,1558.14865,1576.27898862,1580.36273344,1556.45561684,2989509
2024-03-12,1575.76735772,1623.26531,1627.0792858,1572.567339,5422654
2024-03-13,1618.58621286,1606.9396331,1626.056024,1600.1023838,2649954
2024-03-14,1599.079122,1596.87445794,1613.81409192,1592.102337,1940479
2024-03-15,1593.032575,1597.67446262,1611.5443112,1592.567456,1783358
2024-03-18,1595.35817,1589.08836588,1599.8698243,1580.474362,2605501
2024-03-19,1584.195314,1588.86510876,1599.95354572,1574.99526018,2394753
2024-03-20,1584.53019968,1590.3348848,1594.13025584,1581.61855474,1524925
2024-03-21,1588.9395278,1589.776742,1599.079122,1585.590671,1659597
2024-03-22,1586.08369714,1582.6604213,1589.76743962,1570.241744,2545614
2024-03-25,1580.04645252,1571.18128438,1580.26040726,1563.33937804,2447285
2024-03-26,1569.73941548,1590.04651102,1593.3116464,1569.73941548,2806907
2024-03-27,1586.05579,1582.334838,1592.567456,1580.474362,1811258
2024-03-28,1576.75341,1582.93019032,1598.148884,1575.0789816,2464218
2024-03-29,1582.93019032,1584.1022902,1591.62791562,1579.6371478,1345655
2024-04-01,1590.69767762,1601.24657654,1613.032692,1589.4976706,2713137
2024-04-02,1601.869836,1594.41862962,1604.65124762,1586.1023019,2544925
2024-04-03,1613.032692,1595.46049618,1618.09318672,1590.72558476,2904580
2024-04-08,1576.75341,1550.39046508,1577.683648,1546.6136988,5916659
2024-04-09,1544.81833946,1546.26020836,1556.288174,1542.7532111,2558982
2024-04-10,1546.30672026,1533.01361924,1548.83696762,1530.24151,2763050
2024-04-11,1525.69264618,1533.032224,1534.8927,1520.65075622,2276624
2024-04-12,1535.822938,1520.03679914,1547.916032,1520.03679914,2674433
2024-04-15,1520.94843238,1556.26956924,1558.71609518,1520.92052524,3581771
2024-04-16,1549.30208662,1553.49746,1562.39053528,1543.264842,2626623
2024-04-17,1551.636984,1550.706746,1558.3346976,1542.334604,2481911
2024-04-18,1543.27414438,1554.22304564,1565.57194924,1542.50204684,2656841
2024-04-19,1544.92066564,1531.76710032,1552.102103,1526.78102464,2349992
2024-04-22,1538.613652,1558.20446428,1561.75797344,1530.24151,2995139
2024-04-23,1558.14865,1574.22316264,1576.75341,1558.14865,2497995
2024-04-24,1578.59528124,1575.4510768,1581.32087858,1565.89753254,1708643
2024-04-25,1572.40919854,1574.93014352,1577.3115528,1564.8928755,1447648
2024-04-26,1575.823172,1590.17674434,1594.427932,1575.80456724,3099592
2024-04-29,1578.5673741,1585.125552,1607.451264,1575.65572916,4133223
2024-04-30,1586.06509238,1586.05579,1609.20011144,1586.05579,3075989
2024-05-06,1613.00478486,1637.4049276,1641.87007,1606.521026,5990949
2024-05-07,1642.60495802,1646.52126,1653.7771164,1634.13048984,2492452
2024-05-08,1646.23288622,1640.91192486,1646.49335286,1633.19094946,1476909
2024-05-09,1635.358404,1633.497928,1641.85146524,1627.9165,2238734
2024-05-10,1638.2421418,1617.66527724,1644.54915544,1613.02338962,2620661
2024-05-13,1611.19082076,1586.986028,1611.78617308,1582.53949036,3766212
2024-05-14,1586.97672562,1583.24647124,1593.74885826,1581.41390238,2127417
2024-05-15,1583.80461404,1581.4046,1588.846504,1580.09296442,1573876
2024-05-16,1586.05579,1585.590671,1590.59535144,1572.10222,2967954
2024-05-17,1581.41390238,1595.35817,1596.82794604,1581.4046,2892388
2024-05-20,1598.13958162,1589.776742,1612.09315162,1588.94883018,3142572
2024-05-21,1588.846504,1586.05579,1590.45581574,1579.69296208,1629339
2024-05-22,1584.195314,1579.27435498,1590.66977048,1573.032458,2028568
2024-05-23,1581.4046,1573.97199838,1587.33951844,1572.17663904,1888497
2024-05-24,1574.892934,1560.08354504,1576.75341,1560.009126,2021663
2024-05-27,1560.939364,1553.60908856,1569.7301131,1551.64628638,2509791
2024-05-28,1553.8695552,1548.51138432,1558.30679046,1546.985794,2352087
2024-05-29,1549.776508,1557.218412,1562.79984,1548.84627,1965128
2024-05-30,1558.14865,1533.962462,1558.50214044,1533.962462,3220792
2024-05-31,1535.357819,1533.4508311,1547.450913,1533.4508311,2185665
2024-06-03,1534.8927,1525.02287482,1535.74851896,1521.04145618,3026105
2024-06-04,1526.055439,1537.8694616,1540.474128,1522.3809989,2084108
2024-06-05,1536.753176,1529.311272,1542.96716584,1528.40894114,1905557
2024-06-06,1528.99499108,1525.41357478,1536.74387362,1521.78564658,2561005
2024-06-07,1531.29267894,1506.22276484,1531.33919084,1506.06462438,3352455
2024-06-11,1491.16221162,1459.543422,1493.03199,1457.682946,7024676
2024-06-12,1460.47366,1462.03645984,1479.07842,1460.47366,3317050
2024-06-13,1466.77137126,1446.52939238,1466.88299982,1444.7991497,3618597
2024-06-14,1446.52009,1446.52009,1454.85502248,1414.38966948,5951416
2024-06-17,1425.39438502,1433.961877,1440.72470726,1405.59892038,4831816
2024-06-18,1424.09205182,1415.357117,1446.09218052,1410.87336984,4125825
2024-06-19,1422.35498691,1425.213009,1428.061536,1407.2672889,4126153
2024-06-20,1424.2635,1424.3584509,1439.46513909,1422.364482,2471068
2024-06-21,1424.7382545,1396.727739,1428.99205482,1395.98712198,4331997
2024-06-24,1351.151307,1401.99751395,1413.80940591,1342.61522109,6383993
2024-06-25,1402.424793,1411.58755485,1427.10253191,1402.424793,4209795
2024-06-26,1405.27332,1414.02779298,1425.27947463,1403.1844002,2956977
2024-06-27,1416.667428,1415.23366941,1418.53796073,1393.879212,3282178
2024-06-28,1405.27332,1393.30001151,1419.03170541,1390.081176,3858202
2024-07-01,1394.71477992,1367.65377342,1398.61726191,1355.898852,3216138
2024-07-02,1360.646397,1415.4330663,1422.364482,1360.646397,5185298
2024-07-03,1423.313991,1424.2635,1436.61661209,1412.88838218,3157326
2024-07-04,1429.011045,1410.72350166,1435.657608,1406.34626517,2437973
2024-07-05,1404.323811,1379.636577,1417.78784862,1376.78805,3882938
2024-07-08,1370.141487,1348.30278,1384.16573493,1347.48620226,3952705
2024-07-09,1348.30278,1365.42242727,1381.43114901,1338.9026409,3362071
2024-07-10,1366.58082825,1365.00464331,1391.86625292,1362.545415,2376322
2024-07-11,1376.75956473,1388.26761381,1394.828721,1367.49235689,2902014
2024-07-12,1398.63625209,1404.15289938,1411.3501776,1391.45796405,2338634
2024-07-15,1395.77823,1400.4308241,1412.869392,1395.77823,1917626
2024-07-16,1401.475284,1401.475284,1407.172338,1391.07816045,2031644
2024-07-17,1401.5702349,1425.5928126,1427.112027,1395.79722018,3431101
2024-07-18,1423.7887455,1421.89922259,1438.506135,1417.17066777,2887039
2024-07-19,1415.53751229,1448.58992058,1451.97017262,1409.08085109,3894291
2024-07-22,1448.02971027,1423.313991,1452.72977982,1416.33509985,2854321
2024-07-23,1423.313991,1381.535595,1425.213009,1381.535595,3094396
2024-07-24,1376.9779518,1367.31195018,1389.7963233,1362.545415,2412255
2024-07-25,1367.31195018,1358.26312941,1374.889032,1348.31227509,2834656
2024-07-26,1358.26312941,1350.38220471,1365.12807948,1339.6622481,3235379
2024-07-29,1343.555235,1327.43257218,1350.19230291,1327.413582,3086907
2024-07-30,1316.00048382,1310.31292491,1320.07387743,1292.5666017,5177904
2024-07-31,1303.7708079,1349.51815152,1355.20571043,1303.7708079,4327232
2024-08-01,1346.403762,1316.17139544,1348.30278,1314.7851123,3203810
2024-08-02,1304.2455624,1315.49724405,1326.43558773,1304.2455624,2192769
2024-08-05,1318.75405992,1338.81718509,1353.999834,1315.56370968,3773607
2024-08-06,1350.201798,1333.7752923,1352.100816,1323.62504109,2744433
2024-08-07,1334.5348995,1344.0299895,1350.19230291,1327.6984347,2062221
2024-08-08,1339.757199,1358.45303121,1375.05994362,1337.858181,2513082
2024-08-09,1386.31162527,1364.2545312,1394.828721,1364.2545312,3013849
2024-08-12,1357.79787,1363.5898749,1370.141487,1354.55054922,1363203
2024-08-13,1360.646397,1351.16080209,1362.545415,1340.71620309,1630843
2024-08-14,1351.16080209,1341.9410697,1352.9553741,1340.72569818,1341431
2024-08-15,1334.08863027,1354.84489701,1363.48542891,1333.06316055,2303897
2024-08-16,1354.74994611,1358.9372808,1363.41896328,1345.46374809,1645470
2024-08-19,1359.696888,1353.46810896,1385.21968992,1353.050325,2043279
2024-08-20,1357.7029191,1350.88544448,1357.73140437,1342.605726,1859138
2024-08-21,1348.30278,1346.00496822,1355.87986182,1344.21039621,1509165
2024-08-22,1344.504744,1338.85516545,1348.30278,1329.32209509,1952729
2024-08-23,1336.908672,1343.54573991,1351.6260615,1335.12359508,1532046
2024-08-26,1345.454253,1340.706708,1351.96788474,1332.30355335,1562841
2024-08-27,1340.706708,1333.17710163,1341.656217,1330.36655499,1365740
2024-08-28,1333.17710163,1318.868001,1335.009654,1305.574875,3166351
2024-08-29,1310.32242,1341.9410697,1346.403762,1310.32242,2747161
2024-08-30,1341.656217,1370.32189371,1384.45058763,1334.060145,3873923
2024-09-02,1357.79787,1324.565055,1365.393942,1324.565055,3413459
2024-09-03,1327.413582,1338.80769,1343.53624482,1322.68502718,1788760
2024-09-04,1331.211618,1329.3126,1347.53367771,1329.06572766,1421109
2024-09-05,1329.7873545,1333.94620392,1335.959163,1326.464073,1450295
2024-09-06,1334.060145,1327.413582,1335.009654,1327.413582,1032104
2024-09-09,1310.33191509,1305.574875,1323.34018839,1300.90329072,2863755
2024-09-10,1300.84632018,1308.423402,1322.666037,1300.84632018,1980284
2024-09-11,1306.1445804,1310.32242,1315.90553292,1296.079785,2099577
2024-09-12,1310.32242,1267.65148554,1315.069965,1267.50905919,4794831
2024-09-13,1263.796479,1238.28317217,1264.745988,1231.7980257,5600511
2024-09-18,1234.3617,1202.9329521,1234.37119509,1202.70506994,4618531
2024-09-19,1198.280358,1197.330849,1227.60119592,1182.92679747,5998821
2024-09-20,1197.8056035,1200.10341528,1209.5795151,1186.91473527,3998184
2024-09-23,1203.977412,1197.84358386,1228.1898915,1197.00801594,4554969
2024-09-24,1220.20452081,1303.2960534,1303.675857,1201.21434081,10041281
2024-09-25,1329.36007545,1328.363091,1354.949343,1326.18871539,7395380
2024-09-26,1329.27461964,1451.799261,1452.62533383,1325.514564,9727806
2024-09-27,1519.2144,1546.9400628,1546.9400628,1486.32340824,8792167
2024-09-30,1606.569228,1659.741732,1671.02189892,1568.588868,15729341
2024-10-08,1813.56219,1636.004007,1813.56219,1595.34603162,19470947
2024-10-09,1614.1653,1514.60928135,1614.1653,1509.71931,12019684
2024-10-10,1540.35047034,1557.19476,1583.85697272,1510.668819,7460342
2024-10-11,1533.8368386,1523.95244991,1557.15677964,1509.71931,4191471
2024-10-14,1531.558017,1521.10392291,1538.80277067,1501.33514553,4481202
2024-10-15,1518.264891,1475.77436325,1520.15441391,1474.59697209,4357143
2024-10-16,1463.07942792,1445.6274525,1471.5490482,1433.75859,4666440
2024-10-17,1459.395333,1419.1361514,1460.02200894,1418.00623569,3945955
2024-10-18,1417.616937,1463.193369,1488.67819056,1404.28583064,6861930
2024-10-21,1463.39276589,1451.6093592,1471.71046473,1444.40258589,4200790
2024-10-22,1449.48245904,1465.092387,1481.40495162,1447.2416178,3626913
2024-10-23,1466.14634199,1488.3553575,1497.32821755,1454.647788,4008846
2024-10-24,1482.183549,1473.8278698,1495.476675,1467.00090009,2392280
2024-10-25,1468.890423,1480.14210465,1495.27727811,1467.95040909,2774508
2024-10-28,1481.23404,1485.981585,1485.981585,1445.37108507,3912140
2024-10-29,1481.23404,1454.28697458,1500.22422,1452.74877,4116578
2024-10-30,1448.001225,1454.647788,1472.86886571,1446.49150569,3200574
2024-10-31,1454.79021435,1450.65035511,1462.24386,1443.25368,2995735
2024-11-01,1444.203189,1456.30942875,1467.11484117,1444.0132872,3228392
2024-11-04,1466.92493937,1470.0298338,1471.73895,1450.90672254,2909292
2024-11-05,1462.24386,1497.36619791,1498.0403493,1458.45531909,4564047
2024-11-06,1495.476675,1491.678639,1508.76030591,1482.39244098,3763143
2024-11-07,1483.56983214,1565.87327226,1570.0131315,1483.4179107,7473872
2024-11-08,1577.03000301,1528.68100473,1582.93594899,1520.17340409,6077120
2024-11-11,1509.71931,1517.32487709,1528.66201455,1488.06100971,4385365
2024-11-12,1508.769801,1497.5655948,1541.053107,1494.47969055,4922266
2024-11-13,1488.830112,1498.7999565,1506.54794994,1482.44941152,2912526
2024-11-14,1490.72913,1494.3372642,1513.94462505,1486.59876585,2924814
2024-11-15,1489.779621,1480.284531,1503.8323542,1474.587477,3376112
2024-11-18,1483.133058,1480.284531,1496.41668891,1476.486495,2709219
2024-11-19,1485.981585,1464.06691728,1490.13093933,1448.001225,3326643
2024-11-20,1465.092387,1466.81099829,1475.50850073,1453.9831317,2134455
2024-11-21,1465.91845983,1467.11484117,1470.77994591,1454.647788,1826179
2024-11-22,1463.33579535,1431.68866038,1469.62154493,1431.68866038,3343611
2024-11-25,1434.708099,1422.90570213,1454.647788,1421.10163503,3318556
2024-11-26,1422.90570213,1432.809081,1442.19022992,1413.70495992,2574479
2024-11-27,1432.809081,1442.35164645,1445.29512435,1429.011045,2593417
2024-11-28,1445.152698,1441.354662,1447.99172991,1426.162518,2395203
2024-11-29,1440.405153,1448.70386166,1476.486495,1436.80651389,3608810
2024-12-02,1448.950734,1448.001225,1452.73927491,1438.6010859,2681954
2024-12-03,1447.051716,1449.65337066,1451.7043101,1439.53160472,2480662
2024-12-04,1443.32014563,1443.25368,1446.72888294,1433.75859,2392389
2024-12-05,1434.57516774,1434.708099,1441.22173074,1433.75859,1614147
2024-12-06,1436.607117,1444.21268409,1461.1994001,1431.92603763,3203969
2024-12-09,1445.17168818,1442.1142692,1452.48290748,1436.7970188,1979986
2024-12-10,1490.72913,1468.50112431,1499.96785257,1467.16231662,6031210
2024-12-11,1462.24386,1458.0660204,1476.486495,1453.67928882,2967112
2024-12-12,1454.66677818,1486.7411922,1486.931094,1451.799261,4193652
2024-12-13,1471.74844509,1442.304171,1476.47699991,1442.19022992,4951197
2024-12-16,1444.203189,1450.0901448,1451.799261,1434.43274139,3253710
2024-12-17,1448.94123891,1479.335022,1489.779621,1444.21268409,5417163
2024-12-18,1479.30653673,1492.1533935,1497.375693,1468.9853739,4116226
2024-12-19,1486.11451626,1472.69795409,1488.76364637,1472.05228797,2480932
2024-12-20,1476.55440228,1467.749832,1486.8440808,1465.84040712,2815774
2024-12-23,1468.714188,1472.0412162,1483.179528,1462.928052,2160269
2024-12-24,1470.6429,1483.97029992,1488.965664,1467.35444604,2210492
2024-12-25,1483.9510128,1475.46468,1483.9510128,1471.7036916,1712339
2024-12-26,1479.322104,1473.33345324,1483.93172568,1468.714188,1828651
2024-12-27,1474.4038884,1474.47139332,1481.250816,1465.338942,2075932
2024-12-30,1479.29317332,1470.6429,1488.92708976,1470.6429,2512982
2024-12-31,1471.0286424,1469.678544,1489.93002,1467.75947556,3935445
2025-01-02,1469.678544,1434.961728,1470.15107844,1427.24688,5002870
2025-01-03,1441.230042,1422.4251,1441.70257644,1414.71989556,3262836
2025-01-06,1401.209268,1388.67264,1410.52494696,1381.7292768,4425512
2025-01-07,1393.16653896,1388.8655112,1400.13883284,1387.708284,2422118
2025-01-08,1388.67264,1391.08353,1400.07132792,1375.80813096,3525821
2025-01-09,1397.34220044,1392.530064,1412.37651048,1381.90286088,2970565
2025-01-10,1395.5195676,1384.815216,1400.1966942,1384.815216,2187195
2025-01-13,1374.2073,1392.51077688,1392.95438064,1371.32387556,2108251
2025-01-14,1393.4462022,1420.01421,1425.97393008,1390.601352,3095657
2025-01-15,1414.710252,1418.82805212,1422.0393576,1407.96940356,1839934
2025-01-16,1421.460744,1394.82523128,1429.81206696,1390.601352,2634213
2025-01-17,1394.83487484,1402.896891,1408.924116,1394.82523128,1830894
2025-01-20,1408.924116,1422.2322288,1436.68792524,1407.95976,3140975
2025-01-21,1428.211236,1415.8192614,1429.175592,1412.78154,1685604
2025-01-22,1411.11320412,1389.636996,1415.6263902,1386.743928,2829384
2025-01-23,1398.28726932,1391.565708,1415.674608,1386.743928,2712504
2025-01-24,1390.601352,1384.815216,1396.18497324,1379.32803036,3136034
2025-01-27,1385.779572,1383.84121644,1392.50113332,1376.15529912,2935646
2025-02-05,1388.67264,1353.7629528,1391.565708,1352.22962676,4075652
2025-02-06,1350.10804356,1362.48073104,1371.30458844,1350.10804356,2735582
2025-02-07,1363.29079008,1384.815216,1391.25711408,1353.38685396,3724207
2025-02-10,1386.743928,1380.48525756,1388.67264,1376.22280404,2083979
2025-02-11,1383.8026422,1367.456808,1384.77664176,1365.4316604,2357283
2025-02-12,1367.456808,1391.565708,1393.49442,1366.37672928,2547579
2025-02-13,1391.58499512,1412.83940136,1422.666189,1383.37832556,4338536
2025-02-14,1412.83940136,1422.4251,1424.353812,1406.24320632,2709992
2025-02-17,1428.211236,1419.16557672,1441.69293288,1414.8066876,3247059
2025-02-18,1417.60332,1422.4251,1439.77386444,1409.96562048,2779992
2025-02-19,1422.4733178,1437.854796,1441.17218064,1412.6851044,3239331
2025-02-20,1430.139948,1421.460744,1438.79022132,1420.87248684,2374973
2025-02-21,1427.24688,1435.16424276,1443.38055588,1420.50603156,3641783
2025-02-24,1434.961728,1426.35002892,1446.07110912,1421.460744,3474373
2025-02-25,1417.61296356,1402.173624,1420.87248684,1400.244912,2838743
2025-02-26,1403.5719402,1407.96940356,1412.74296576,1393.49442,2636609
2025-02-27,1407.97904712,1432.60869936,1436.7940044,1402.173624,4976217
2025-02-28,1432.550838,1447.29584124,1473.90242328,1429.175592,5612895
2025-03-03,1449.0413256,1434.01665912,1466.77583244,1428.693414,3159566
2025-03-04,1432.06866,1417.70939916,1433.033016,1412.98405476,2521121
2025-03-05,1419.532032,1414.10270772,1421.460744,1408.0561956,2460522
2025-03-06,1421.460744,1452.30084888,1456.3704312,1419.60918048,4216764
2025-03-07,1449.427068,1466.785476,1473.88313616,1449.427068,3799135
2025-03-10,1465.63789236,1468.6177524,1472.45588928,1452.45514584,3136907
2025-03-11,1462.928052,1493.47885008,1493.47885008,1458.106272,3977560
2025-03-12,1491.82015776,1487.59627848,1494.44320608,1471.9447806,2960396
2025-03-13,1488.965664,1482.95772612,1500.055758,1476.31331328,2572439
2025-03-14,1492.49520696,1569.98121156,1569.98121156,1486.072596,9291315
2025-03-17,1597.937892,1579.48011816,1598.89260444,1568.89148928,5468913
2025-03-18,1586.40419424,1566.114144,1593.116112,1563.8961252,3161345
2025-03-19,1566.39380724,1577.40675276,1589.258688,1565.149788,2738955
2025-03-20,1577.40675276,1546.827024,1579.2293856,1538.21532492,3673677
2025-03-21,1542.005244,1517.655255,1554.7347432,1512.91062348,3361430
2025-03-24,1514.03892,1526.575548,1532.99815896,1506.69052728,2556585
2025-03-25,1531.397328,1519.342878,1536.0262368,1510.81797096,1767438
2025-03-26,1516.71018612,1519.825056,1526.17051848,1515.003276,1432356
2025-03-27,1519.825056,1532.361684,1541.281977,1517.29844328,1795563
2025-03-28,1534.22289108,1528.70677476,1536.219108,1519.825056,1622789
2025-03-31,1524.62754888,1505.359716,1530.39439776,1504.45322136,2108494
2025-04-01,1508.252784,1500.55722312,1513.93284084,1496.88302676,1855644
2025-04-02,1502.466648,1493.80673112,1511.9173368,1490.412198,2167401
2025-04-03,1475.46468,1512.95884128,1529.468616,1474.50996756,3548050
2025-04-07,1465.83076356,1446.534,1482.0705186,1409.888472,10195267
2025-04-08,1459.070628,1489.93002,1489.93002,1441.71222,7387649
2025-04-09,1470.66218712,1486.11117024,1501.3094208,1466.3515158,5563004
2025-04-10,1495.70651244,1493.787444,1499.57358,1473.535968,3862021
2025-04-11,1523.65354932,1513.05527688,1523.65354932,1489.93002,3263423
2025-04-14,1505.33078532,1496.67086844,1510.181496,1496.22726468,2171144
2025-04-15,1496.680512,1502.466648,1509.21714,1489.93002,2148928
2025-04-16,1496.680512,1503.59494452,1519.825056,1482.215172,3115605
2025-04-17,1498.609224,1514.03892,1520.307234,1494.74215644,2384605
2025-04-18,1510.181496,1510.12363464,1518.8607,1500.537936,2029848
2025-04-21,1509.699318,1495.716156,1509.699318,1495.716156,1805703
2025-04-22,1494.7518,1493.5945728,1500.8272428,1488.20382276,1843214
2025-04-23,1503.431004,1496.680512,1503.64316232,1489.93002,1866876
2025-04-24,1496.680512,1496.921601,1505.05112208,1493.76815688,1487181
2025-04-25,1501.5987276,1494.7518,1505.5525872,1494.7518,1476490
2025-04-28,1496.680512,1494.7518,1499.57358,1491.4729896,1465972
2025-04-29,1494.7518,1488.965664,1497.20126424,1477.41267912,1892180
2025-04-30,1494.74215644,1491.858732,1510.81797096,1491.1836828,2575425
2025-05-06,1503.431004,1494.9446712,1503.431004,1489.28390148,1830026
2025-05-07,1514.03892,1499.57358,1514.03892,1494.9446712,2746221
2025-05-08,1497.644868,1521.93699564,1536.00694968,1494.58785948,3348106
2025-05-09,1522.70848044,1534.46398008,1540.5104922,1518.9089178,2367190
2025-05-12,1541.040888,1547.309202,1561.22485908,1539.70043316,2473533
2025-05-13,1551.57165552,1533.6153468,1551.57165552,1528.61033916,2125829
2025-05-14,1533.32604,1576.71241644,1586.36562,1531.57091208,3946012
2025-05-15,1576.5291888,1573.83863556,1585.00587804,1566.23951028,2473285
2025-05-16,1575.74806044,1556.59595028,1578.64112844,1556.59595028,2293522
2025-05-19,1539.112176,1522.69883688,1542.9696,1517.78062128,3806283
2025-05-20,1523.68248,1529.468616,1537.9549488,1518.9571356,1952153
2025-05-21,1528.50426,1524.61790532,1539.05431464,1524.61790532,1979464
2025-05-22,1524.63719244,1523.68248,1528.49461644,1514.1353556,1509024
2025-05-23,1519.0535712,1516.5462456,1531.3008924,1515.63975096,2153700
2025-05-26,1514.03892,1495.233978,1518.50388828,1489.93002,2708653
2025-05-27,1495.716156,1488.8692284,1503.0452616,1488.49312956,1775213
2025-05-28,1488.95602044,1482.215172,1491.33797976,1478.357748,1626568
2025-05-29,1485.10824,1485.10824,1499.57358,1477.393392,2185958
2025-05-30,1485.2528934,1467.749832,1489.93002,1461.23078544,3123918
2025-06-03,1454.25849156,1455.213204,1464.856764,1451.37506712,2897918
2025-06-04,1456.659738,1456.13898576,1468.714188,1455.42536232,2300809
2025-06-05,1460.034984,1460.034984,1461.963696,1448.6555832,2321366
2025-06-06,1459.8421128,1452.69623484,1464.82783332,1449.427068,2502307
2025-06-09,1451.37506712,1433.13909516,1454.9238972,1432.72442208,4495867
2025-06-10,1433.033016,1422.43474356,1438.819152,1422.2322288,3049220
2025-06-11,1424.1609408,1427.24688,1440.747864,1423.4858916,3089282
2025-06-12,1427.24688,1406.995404,1430.97893772,1402.2700596,4990361
2025-06-13,1392.92544996,1376.0877942,1398.28726932,1374.26516136,5911325
2025-06-16,1351.2556272,1371.59389524,1374.24587424,1351.23634008,4288787
2025-06-17,1369.38552,1376.136012,1376.136012,1361.84425608,2723151
2025-06-18,1388.67264,1374.2073,1391.99002464,1370.35951956,3076099
2025-06-19,1375.171656,1375.171656,1382.56826652,1366.66603608,2450072
2025-06-20,1372.83791448,1377.73684296,1389.77200584,1369.5783912,3481581
2025-06-23,1369.38552,1369.38552,1381.922148,1355.09376408,2672331
2025-06-24,1372.6161126,1385.9724432,1399.93631808,1372.6161126,3631151
2025-06-25,1387.81436316,1384.68020616,1397.5447152,1369.87734156,4105007
2025-06-26,1391.30724,1396.22352,1404.089568,1386.46962048,3486025
2025-06-27,1396.23335256,1379.59666104,1399.173288,1379.59666104,3824973
2025-06-30,1379.999796,1385.91899712,1389.56687688,1378.524912,3045730
2025-07-01,1385.407704,1381.5730056,1388.29847664,1379.81297736,1987819
2025-07-02,1385.899332,1385.9976576,1391.1105888,1376.5584,2621825
2025-07-03,1388.357472,1391.8971936,1398.86847864,1384.424448,2441267
2025-07-04,1391.9955192,1398.40634832,1407.91443384,1386.40079256,2876691
2025-07-07,1398.46534368,1387.0792392,1399.664916,1386.40079256,2385467
2025-07-08,1387.08907176,1392.39865416,1396.22352,1387.0792392,1867370
2025-07-09,1391.30724,1395.12227328,1406.02658232,1390.49113752,2774532
2025-07-10,1395.21076632,1402.614684,1412.13260208,1386.7842624,3872503
2025-07-11,1399.33060896,1403.106312,1433.587248,1399.33060896,5724335
2025-07-14,1406.05608,1399.7632416,1410.95269488,1397.7967296,2778094
2025-07-15,1397.18711088,1387.374216,1399.10446008,1384.73908992,3540578
2025-07-16,1386.40079256,1387.40371368,1393.75554744,1386.3417972,2128605
2025-07-17,1390.30431888,1392.6346356,1399.18312056,1389.22273728,2310554
2025-07-18,1396.22352,1412.938872,1413.73530936,1392.66413328,4182341
2025-07-21,1412.92903944,1418.838408,1422.5747808,1410.97236,2620331
2025-07-22,1419.821664,1440.45037488,1442.0432496,1416.55725408,4211898
2025-07-23,1444.403064,1450.794228,1469.96772,1444.3539012,4504484
2025-07-24,1451.285856,1466.526324,1473.900744,1450.3026,3880364
2025-07-25,1466.4279984,1430.63748,1466.4279984,1428.670968,4191126
2025-07-28,1428.670968,1414.57107696,1430.62764744,1412.2505928,3858632
2025-07-29,1415.4953376,1414.905384,1424.53146024,1410.98219256,2630408
2025-07-30,1419.821664,1425.17057664,1432.76131296,1412.938872,3186771
2025-07-31,1418.838408,1397.86555752,1420.67709672,1394.257008,5179751
2025-08-01,1398.06220872,1393.273752,1402.08372576,1390.323984,2963559
2025-08-04,1391.30724,1395.240264,1396.0268688,1390.323984,1868795
2025-08-05,1397.206776,1403.83392144,1405.99708464,1393.38191016,2534227
2025-08-06,1405.072824,1400.03855328,1405.072824,1395.5352408,2369928
2025-08-07,1400.03855328,1398.5341716,1403.7945912,1396.28251536,2800134
2025-08-08,1399.2224508,1397.17727832,1402.614684,1394.257008,1865528
2025-08-11,1399.664916,1420.80492,1427.67787944,1399.173288,4715907
2025-08-12,1424.737944,1412.97820224,1440.53886792,1411.955616,4201923
2025-08-13,1401.1398,1396.2726828,1409.67446208,1396.22352,6552754
2025-08-14,1397.14778064,1403.09647944,1423.27289256,1397.14778064,4812930
2025-08-15,1402.13288856,1398.26869248,1404.73851696,1396.43983632,4758165
2025-08-18,1403.09647944,1404.581196,1412.58489984,1399.2716136,4737798
2025-08-19,1409.497476,1413.922128,1422.43712496,1408.022592,4637186
2025-08-20,1413.922128,1425.7212,1428.4743168,1406.07574512,4580466
2025-08-21,1429.1134332,1424.000502,1430.62764744,1419.4775244,3089057
2025-08-22,1424.61995328,1439.4376212,1439.486784,1420.57877112,4497058
2025-08-25,1445.39615256,1465.37591448,1470.950976,1441.453296,6532455
2025-08-26,1465.36608192,1456.80192216,1469.21061288,1455.22871256,3960213
2025-08-27,1457.06740128,1423.754688,1460.06633208,1423.754688,5600609
2025-08-28,1423.72519032,1421.8865016,1431.7190616,1414.67923512,3928177
2025-08-29,1428.670968,1455.21888,1457.75568048,1427.687712,6225648
2025-09-01,1457.3820432,1451.3841816,1463.084928,1441.1583192,4512338
2025-09-02,1453.90131696,1466.3296728,1483.733304,1453.252368,5668837
2025-09-03,1466.034696,1455.7596708,1478.325396,1441.453296,4504503
2025-09-04,1447.352832,1448.00178096,1454.5306008,1436.01589032,4774676
2025-09-05,1446.369576,1458.168648,1462.07217432,1439.486784,3738848
2025-09-08,1458.168648,1476.09340488,1481.21616864,1452.76074,5138298
2025-09-09,1479.80028,1479.80028,1484.6673972,1468.41417552,3574277
2025-09-10,1481.43248496,1496.52546456,1504.3325172,1470.950976,4966331
2025-09-11,1496.52546456,1497.990516,1500.46832112,1483.241676,3723896
2025-09-12,1500.448656,1490.616096,1512.26739312,1485.23768568,3372209
2025-09-15,1490.48827272,1489.7311656,1492.07131488,1476.358884,2582703
2025-09-16,1489.7311656,1474.86433488,1495.52254344,1471.15745976,3271789
2025-09-17,1474.87416744,1468.001208,1484.99187168,1465.06127256,3033054
2025-09-18,1467.017952,1443.38047776,1472.7208368,1438.995156,4972125
2025-09-19,1443.40997544,1443.39031032,1450.794228,1432.61382456,3263662
2025-09-22,1440.55853304,1429.0151076,1443.39031032,1425.73103256,3494708
2025-09-23,1426.212828,1423.18439952,1433.09562,1415.88864,3866300
2025-09-24,1410.05793192,1417.855152,1432.38767568,1410.05793192,3074350
2025-09-25,1418.67125448,1414.905384,1421.01140376,1411.955616,3386973
2025-09-26,1417.04888208,1410.97236,1422.87959016,1404.09940056,4512071
2025-09-29,1415.27902128,1436.39936016,1445.37648744,1410.97236,5368403
2025-09-30,1435.55376,1419.81183144,1436.30103456,1415.88864,3936362
2025-10-09,1411.955616,1412.72255568,1415.27902128,1396.22352,5491812
2025-10-10,1413.5288256,1406.05608,1415.82964464,1403.59794,3600144
2025-10-13,1391.9955192,1395.4369152,1399.0257996,1391.42523072,4606880
2025-10-14,1406.04624744,1426.72412112,1439.486784,1406.04624744,6667233
2025-10-15,1426.68479088,1437.520272,1438.503528,1420.88358048,4278540
2025-10-16,1437.44161152,1460.04666696,1460.0859972,1434.45251328,4573015
2025-10-17,1458.2669736,1430.63748,1463.084928,1429.68372168,3808589
2025-10-20,1430.63748,1433.51842008,1444.894692,1430.51948928,2594988
2025-10-21,1434.570504,1437.77591856,1445.32732464,1431.129108,2544267
2025-10-22,1437.59893248,1434.2755272,1441.18781688,1431.620736,1819492
2025-10-23,1430.63748,1443.40014288,1444.2064128,1422.9680832,2932235
2025-10-24,1443.3706452,1425.7212,1454.11763328,1425.07225104,3822583
2025-10-27,1415.88864,1416.29177496,1428.16950744,1411.94578344,3710239
2025-10-28,1417.855152,1420.80492,1426.9011072,1416.9702216,2712433
2025-10-29,1415.90830512,1407.9242664,1422.3289668,1406.09541024,3393711
2025-10-30,1398.00321336,1402.85066544,1412.57506728,1398.00321336,4745610
2025-10-31,1398.190032,1406.06591256,1411.93595088,1396.33167816,3569377
2025-11-03,1407.039336,1410.97236,1423.754688,1396.3218456,3454766
2025-11-04,1411.0706856,1405.072824,1411.73929968,1399.94022768,2656572
2025-11-05,1402.01489784,1396.30218048,1407.02950344,1396.23335256,3447527
2025-11-06,1406.05608,1411.10018328,1417.3143612,1406.04624744,3834782
2025-11-07,1411.08051816,1409.33032248,1415.67232368,1407.14749416,1886139
2025-11-10,1410.97236,1437.8152488,1439.18197464,1410.95269488,4945154
2025-11-11,1437.520272,1434.56067144,1437.69725808,1422.771432,2669156
2025-11-12,1435.53409488,1440.6175284,1453.60634016,1434.77698776,3299210
2025-11-13,1437.63826272,1445.75995728,1448.90637648,1433.587248,3117923
2025-11-14,1445.38632,1432.2106896,1454.1864612,1431.9157128,2747306
2025-11-17,1429.654224,1446.369576,1448.336088,1421.58169224,3446221
2025-11-18,1446.0745992,1451.285856,1461.18724392,1444.403064,3420478
2025-11-19,1449.319344,1446.37940856,1454.75674968,1445.34698976,2204537
2025-11-20,1447.352832,1442.54471016,1455.1205544,1440.49953768,2400232
2025-11-21,1445.877948,1442.0432496,1455.21888,1431.620736,4260720
2025-11-24,1442.436552,1427.687712,1446.369576,1426.83227928,3360744
2025-11-25,1433.587248,1420.4607804,1433.587248,1420.313292,2844069
2025-11-26,1424.61995328,1424.8854324,1429.15276344,1419.40869648,2030616
2025-11-27,1425.229572,1423.0664088,1425.7212,1414.94471424,2228689
2025-11-28,1422.279804,1426.212828,1431.129108,1418.838408,2321121
2025-12-01,1426.704456,1423.754688,1437.78575112,1417.855152,2733342
2025-12-02,1423.754688,1411.98511368,1427.60905152,1410.99202512,2504726
2025-12-03,1411.76879736,1405.1711496,1411.92611832,1404.089568,2357279
2025-12-04,1405.1711496,1400.13687888,1408.51422,1394.63064528,2907539
2025-12-05,1400.13687888,1406.06591256,1409.09434104,1395.731892,2540166
2025-12-08,1405.2694752,1394.47332432,1412.61439752,1394.257008,3360280
2025-12-09,1394.48315688,1377.55148856,1397.206776,1376.6075628,4263443
2025-12-10,1376.5584,1379.3115168,1379.3115168,1360.02003408,3313347
2025-12-11,1383.10688496,1388.34763944,1388.34763944,1378.0824468,2238501
2025-12-12,1394.257008,1396.8626364,1401.1398,1389.90118392,3715919
2025-12-15,1415.48550504,1402.123056,1415.87880744,1401.70025592,3335879
2025-12-16,1402.3197072,1398.190032,1404.85650768,1391.30724,2396367
2025-12-17,1401.1398,1409.1041736,1415.82964464,1393.94236608,3138249
2025-12-18,1409.497476,1407.039336,1414.78739328,1402.23121416,1782995
2025-12-19,1410.0,1410.0,1412.45,1401.01,2650868
2025-12-22,1410.0,1408.26,1414.14,1406.58,2042565
2025-12-23,1408.26,1407.86,1412.93,1397.19,2450681
2025-12-24,1404.99,1400.9,1406.36,1400.0,2518669
2025-12-25,1405.0,1414.17,1419.48,1401.38,2338621
2025-12-26,1414.17,1414.13,1419.14,1410.0,1780299
2025-12-29,1414.13,1402.0,1414.13,1401.0,2630810
2025-12-30,1401.0,1389.72,1401.9,1386.0,3379194
2025-12-31,1390.0,1377.18,1394.0,1377.17,3476563
2026-01-05,1385.0,1426.0,1431.88,1385.0,7094942
2026-01-06,1432.55,1428.01,1436.97,1416.53,3958618
2026-01-07,1432.88,1423.36,1435.0,1420.2,2968380
2026-01-08,1423.33,1412.3,1423.36,1408.14,2913454
2026-01-09,1417.0,1419.1,1428.6,1416.01,2984774
2026-01-12,1419.1,1423.23,1431.0,1417.1,3608266
2026-01-13,1426.79,1411.0,1429.52,1408.99,3916866
2026-01-14,1411.0,1398.01,1422.25,1396.18,5175797
2026-01-15,1396.02,1388.89,1402.83,1388.58,4090714
2026-01-16,1395.0,1382.0,1397.5,1380.0,5512068
2026-01-19,1381.9,1376.0,1387.49,1375.0,4228640
2026-01-20,1379.5,1373.55,1381.58,1372.05,3648443
2026-01-21,1373.56,1351.06,1374.4,1350.0,6451625
2026-01-22,1352.01,1340.06,1361.76,1337.48,5901089
2026-01-23,1340.1,1337.0,1348.0,1332.47,6194890
2026-01-26,1340.51,1342.0,1355.0,1325.12,8016606
2026-01-27,1344.98,1343.01,1353.7,1338.0,4841596
2026-01-28,1343.04,1323.69,1346.71,1322.01,7621801
2026-01-29,1335.0,1437.72,1445.0,1329.06,18953440
2026-01-30,1435.0,1401.0,1435.0,1401.0,9447974
2026-02-02,1425.0,1427.0,1458.58,1411.62,8572427
2026-02-03,1445.0,1474.92,1476.81,1443.03,8632066
2026-02-04,1485.0,1525.0,1533.27,1474.0,10912293
2026-02-05,1520.0,1555.0,1565.0,1515.0,9162274
2026-02-06,1555.0,1515.01,1568.0,1505.88,7896538
2026-02-09,1518.0,1524.96,1542.88,1513.49,5116846
2026-02-10,1524.97,1504.8,1524.97,1496.5,3957596
2026-02-11,1504.8,1504.33,1514.0,1496.0,3092846
2026-02-12,1500.2,1486.6,1502.82,1473.36,4624582
2026-02-13,1486.6,1485.3,1507.8,1470.58,4167901
2026-02-24,1521.0,1466.8,1524.4,1463.6,4191253
2026-02-25,1470.0,1491.66,1509.66,1467.88,3688067
2026-02-26,1486.6,1466.21,1489.49,1464.67,3295801
2026-02-27,1466.99,1455.02,1476.21,1455.02,3216016
